Workbook
Name CategoryList: [1]Setup!$B$5:$B$16
Name ColumnTitle2: [1]!CategoryAndEmployeeTable[[#Headers],[Category Name]]
Name EmployeeList: [1]Setup!$C$5:$C$16
Name FlagPercent: '[1]Project Tracker Electro'!#REF!
Name ОКПД2: [2]Технич!$AQ$2:$AQ$29934
Name Форматы: [3]Тк!$A$2:$A$7

Sheet TOTAL PREORDER
D2: Supplier name | E2: Fujian Hannah's Cottage Co.,LTD
D3: Supplier type - trading / factory | E3: factory
D4: Supplier's contact person
D5: Agent
D6: Agent's contact person
D7: Agent's commision
D9: SAP number | E9: MANUFACTIRER INFO | H9: CERTIFICATION&CUSTOM CLEARANCE | M9: COMMON ITEM DETAILS | AD9: SPECIFIRC ITEM DETAILS | AP9: INDIVIDUAL PACKAGE SPECIFICATION | AT9: MOQ | AU9: PRICE | BB9: ORDER Q-TY AND AMOUNT | BJ9: UNIT PACKAGE LOGISTIC DIMENSIONS | BO9: INNER CARTON LOGISTIC DIMENSIONS | BU9: OUTER CARTON LOGISTIC DIMENSIONS | CB9: PALLETS | CD9: TOTALS | CJ9: SHIPPING DETAILS
D10: SAP | E10: THE MANUFACTURER SPECIFIED ON THE LABEL | F10: THE ADDRESS OF THE ACTUAL MANUFACTURER SPECIFIED ON THE LABEL | G10: COUNTRY OF ORIGIN | H10: HARMONIZED CODE (ТН ВЭД) | I10: TAX (ПОШЛИНА) | J10: TYPE OF CERTIFICATE (ТИП РД) | K10: QTY OF SAMPLES (КОЛИЧЕСТВО ОБРАЗЦОВ для сертификации) | L10: VAT/НДС | M10: BRAND | N10: IMAGE / PICTURE | O10: НОВАЯ ПОЗИЦИЯ ИЛИ ВОЗИЛИ ОТ ЭТОГО ЖЕ ПОСТАВЩИКА | P10: ITEM № (MANUFACTURER) | Q10: ITEM № (LENTA) | R10: UNIT BARCODE (EAN13) | S10: CARTON BARCODE (ITF14) | T10: ITEM NAME (RUSSIAN) | U10: DETAILED ITEM DESCRIPTION (IN ENGLISH) | V10: DETAILED ITEM DESCRIPTION (IN RUSSIAN) | W10: NAME (RUSSIAN) SAME AS ON STICKER | X10: FULL CONTENT OF ITEM/ SET (PART, DOCS, ETC) | Y10: ALL MATERIALS (SPECIFIED IN DETAILS) | Z10: ALL MATERIALS (RUSSIAN) | AA10: MIN. AGE OF USER | AB10: Size | AC10: COLOURS/ DESIGN OF ITEMS | AD10: TOP OF ITEM (for shoes only) | AE10: INSOLE (for shoes only) | AF10: LINING (for shoes only) | AG10: LINING (for shoes only) | AH10: SOLE (for shoes only) | AI10: SIZE | AJ10: DISHWASHER SAFE USE | AK10: MICROWAVE SAFE USE | AL10: Special details | AM10: Special details | AN10: Special details | AO10: POST-PRODUCTION SAMPLES. QTY PER DESIGN (IF REQUIRED) | AP10: DESIGN OF PACKAGE | AQ10: DMC | AR10: PACKING (HOW TO PACK) | AS10: SIZE OF INDIVIDUAL PACKAGE | AT10: MOQ PER DESIGN/COLOUR | AU10: PREVIOUS PRICE CNY | AV10: ACTUAL PRICE CNY | AW10: Currency of order = currency of contract | AX10: Difference | AY10: SAVING, CNY | AZ10: PURCHASING PRICE, RUB (incl VAT) | BA10: DELIVERY BASIS | BB10: HM QTY | BC10: MP QTY | BD10: SM QTY | BE10: TOTAL QTY, PCS | BF10: 8003 | BG10: 8072 | BH10: Q-TY CHECK | BI10: TOTAL ORDER AMOUNT CNY | BJ10: UNIT NET WEIGHT, G | BK10: UNIT GROSS WEIGHT, G | BL10: UNIT PACKAGE LENGTH, MM | BM10: UNIT PACKAGE WIDTH, MM | BN10: UNIT PACKAGE HEIGHT, MM | BO10: PCS PER INNER CARTON | BP10: CARTON LENGTH, MM | BQ10: CARTON WIDTH, MM | BR10: CARTON HEIGHT, MM | BS10: CARTON NET WEIGHT, G | BT10: CARTON GROSS WEIGHT, G | BU10: PCS PER OUTER CARTON | BV10: CARTON LENGTH, MM | BW10: CARTON WIDTH, MM | BX10: CARTON HEIGHT, MM | BY10: CARTON NET WEIGHT, KG | BZ10: CARTON GROSS WEIGHT, KG | CA10: CARTON CBM | CB10: PCS PER LAYER | CC10: PCS PER PALLET | CD10: TOTAL INNER CARTONS | CE10: TOTAL OUTER CARTONS | CF10: PALLETS QTY | CG10: TOTAL NET WEIGHT, KG | CH10: TOTAL GROSS WEIGHT, KG | CI10: TOTAL CBM | CJ10: PORT OF LOADING | CK10: ETD | CL10: GOODS IN DC | CM10: Дата на ТК/Date at store | CN10: Приоритет/Priority High/Catalogue
D11: 1 | E11: 2 | F11: 3 | G11: 4 | H11: 5 | I11: 6 | J11: 7 | K11: 8 | L11: 9 | M11: 10 | N11: 11 | O11: 12 | P11: 13 | Q11: 14 | R11: 15 | S11: 16 | T11: 17 | U11: 18 | V11: 19 | W11: 20 | X11: 21 | Y11: 22 | Z11: 23 | AA11: 24 | AB11: 25 | AC11: 26 | AD11: 27 | AE11: 28 | AF11: 29 | AG11: 30 | AH11: 31 | AI11: 32 | AJ11: 33 | AK11: 34 | AL11: 35 | AM11: 36 | AN11: 37 | AO11: 38 | AP11: 39 | AQ11: 40 | AR11: 41 | AS11: 42 | AT11: 43 | AU11: 44 | AV11: 45 | AW11: 46 | AX11: 47 | AY11: 48 | AZ11: 49 | BA11: 50 | BB11: 51 | BC11: 52 | BD11: 53 | BE11: 54 | BF11: 55 | BG11: 56 | BH11: 57 | BI11: 58 | BJ11: 59 | BK11: 60 | BL11: 61 | BM11: 62 | BN11: 63 | BO11: 64 | BP11: 65 | BQ11: 66 | BR11: 67 | BS11: 68 | BT11: 69 | BU11: 70 | BV11: 71 | BW11: 72 | BX11: 73 | BY11: 74 | BZ11: 75 | CA11: 76 | CB11: 77 | CC11: 78 | CD11: 79 | CE11: 80 | CF11: 81 | CG11: 82 | CH11: 83 | CI11: 84 | CJ11: 85 | CK11: 86 | CL11: 87 | CM11: 88 | CN11: 89
E12: Fujian Hannah's Cottage Co.,LTD | P12: EG01-P2-BTS5006S06S05 \ BTS5006A04 | U12: S/31 5CM+4CM+3CM+2.5CM+2CM+9.5CM RED+GREEN+GOLD / SILVER+PINK+WHITE / CHAMPANGE+COPPER+BROWN SHINY/GLITTER/MATT PLASTIC BALL TREE | AT12: 3000 | AV12: 24.08 | AX12: =AV12/AU12-1 | BA12: FOB | BE12: =BD12+BC12+BB12 | BH12: =(BF12+BG12)=BE12 | BI12: =AV12*BE12 | BV12: 605 | BW12: 10 | BX12: 470 | BY12: 3000 | BZ12: 4000 | CA12: =#REF!*#REF!*#REF!/1000000000 | CD12: =$BE12/BO12 | CE12: =$BE12/BU12 | CF12: =$BE12/CC12 | CG12: =$BE12*#REF! | CH12: =$BE12*#REF! | CI12: =CA12*CE12 | CJ12: NINGBO | CK12: =CL12-75 | CL12: 46113
P13: EG01-LT24S159/61/65/66 | U13: 8CM RED/GREEN/CHAMPAGNE GOLD MATT PLASTIC BALL WITH PAINTING | AV13: 1.73 | BV13: 340 | BW13: 20 | BX13: 265 | BY13: 900 | BZ13: 1300
P14: EG01-LT24S174 | U14: 8CM TRANSPARENT PLASTIC BALL WITH PAINTING | AV14: 1.3 | BV14: 340 | BW14: 30 | BX14: 265 | BY14: 700 | BZ14: 1000
P15: S76KR2971-YG | U15: 7CM BROWN/BLUE/COPPER SHINY PLASTIC BALL WITH PAINTING | AV15: 1.51 | BV15: 300 | BW15: 40 | BX15: 235 | BY15: 570 | BZ15: 800
P16: S20KR1402-YG | U16: 8CM WHITE/SILVER/BLUE/PINK SHINY PLASTIC BALL WITH PAINTING | AV16: 2.09 | BV16: 335 | BW16: 50 | BX16: 260 | BY16: 830 | BZ16: 1100
P17: S25NYONIRG | U17: 8CM RED/GREEN/GOLD MATT PLASTIC BALL WITH PAINTING | AV17: 1.3 | BV17: 355 | BW17: 60 | BX17: 240 | BY17: 710 | BZ17: 950
P18: S25LUXURY1P | U18: 9CM BROWN/COPPER/BLUE/CHAMPAGNE MATT FLAT BALL WITH GOLD SHINY COVER | AV18: 1.3 | BV18: 340 | BW18: 70 | BX18: 265 | BY18: 920 | BZ18: 1200
P19: EG01-LT24S170 | U19: S/4 8CM CHAMPAGNE GOLD/WHITE MATT PLASTIC ORNAMENT IN PET BOX | AV19: 7.06 | BV19: 290 | BW19: 80 | BX19: 290 | BY19: 1210 | BZ19: 1460
P20: EG01-PE3-10504M150B05KR531 | U20: S/4 10.5CM RED/WHITE MATT PLASTIC ORNAMENT IN PET BOX | AV20: 5.83 | BV20: 230 | BW20: 90 | BX20: 365 | BY20: 1520 | BZ20: 1780
P21: S25MITTENS4R | U21: S/4 10.5CM PINK/WHITE + BLUE/WHITE MATT PLASTIC ORNAMENT IN PET BOX | AV21: 5.83 | BV21: 230 | BW21: 100 | BX21: 365 | BY21: 1520 | BZ21: 1770
P22: KC18626 | U22: S/3 12.5CM RED+GOLD GLITTER PLASTIC ORNAMENT IN PET BOX | AV22: 2.88 | BV22: 270 | BW22: 110 | BX22: 260 | BY22: 2100 | BZ22: 2300
P23: S25AS4NY24 | U23: S/24 3+3.5+4.5+5CM RED/CHAMPAGNE GOLD/GREEN SHINY/MATT/GLITTER PLASTIC BALL IN HEXAGON CARFT BOX WITH PET COVER | AV23: 8.78 | BV23: 390 | BW23: 120 | BX23: 330 | BY23: 1700 | BZ23: 2100
P24: EG01-LT24S189 | U24: S/24 3+3.5+4.5+5CM YELLOW/COPPER/BROWN/BLUE SHINY/MATT/GLITTER PLASTIC BALL IN HEXAGON CARFT BOX WITH PET COVER | AV24: 8.78 | BV24: 390 | BW24: 130 | BX24: 330 | BY24: 1700 | BZ24: 2100
P25: S25ASEG0124 | U25: S/24 3+3.5+4.5+5CM PINK/SILVER/WHITE/BLUE SHINY/MATT/GLITTER/FROST PLASTIC BALL IN HEXAGON CARFT BOX WITH PET COVER | AV25: 8.78 | BV25: 390 | BW25: 140 | BX25: 330 | BY25: 1800 | BZ25: 2100
AV26: 6.34
AY34: =SUM(AY12:AY12) | BB34: =SUM(BB12:BB12) | BC34: =SUM(BC12:BC12) | BD34: =SUM(BD12:BD12) | BE34: =SUM(BE12:BE12) | BF34: =SUM(BF12:BF12) | BG34: =SUM(BG12:BG12) | BI34: =SUM(BI12:BI12) | CE34: =SUM(CE12:CE12) | CG34: =SUM(CG12:CG12) | CH34: =SUM(CH12:CH12) | CI34: =SUM(CI12:CI12)

Sheet DC
B3: ='TOTAL PREORDER'!#REF! | C3: ='TOTAL PREORDER'!#REF! | D3: =B3*C3 | G3: =B3-L3 | H3: =G3*C3 | I3: =B3-N3 | J3: =I3*C3 | L3: =B3*33.4% | M3: =L3*C3 | N3: 149 | O3: =N3*C3
B4: ='TOTAL PREORDER'!#REF! | C4: ='TOTAL PREORDER'!#REF! | D4: =B4*C4 | G4: =B4-L4 | H4: =G4*C4 | I4: =B4-N4 | J4: =I4*C4 | L4: =B4*33.4% | M4: =L4*C4 | N4: 173 | O4: =N4*C4
B5: ='TOTAL PREORDER'!#REF! | C5: ='TOTAL PREORDER'!#REF! | D5: =B5*C5 | G5: =B5-L5 | H5: =G5*C5 | I5: =B5-N5 | J5: =I5*C5 | L5: =B5*33.4% | M5: =L5*C5 | N5: 233 | O5: =N5*C5
B6: =SUM(B3:B5) | D6: =SUM(D3:D5) | H6: =SUM(H3:H5) | J6: =SUM(J3:J5) | M6: =SUM(M3:M5) | O6: =SUM(O3:O5)
D10: 24.08
D11: 1.73
D12: 1.3
D13: 1.51
D14: 2.09
D15: 1.3
D16: 1.3
D17: 7.06
D18: 5.83
D19: 5.83
D20: 2.88
D21: 8.78
... D24: 6.34
B33: ДОЛИ ФАКТ
B34: 8003 | C34: 8072
B35: 0.666 | C35: 0.334
B36: 2 ктк 65м3 | C36: 1 ктк 65м3

Sheet SP
B1: Дата расчета
B2: Валюта | C2: Фактический ЦБ на дату расчета | D2: корректированный +7% | G2: Фрахт по маршруту | H2: до границы | J2: после границы
B3: USD | G3: 40HQ | I3: USD | K3: РУБ
B4: CNY | G4: 20DC | I4: USD | K4: РУБ
B5: EUR | AK5: Расчет плановой себестоимости партии в рублях
S7: LOT 1-8003 to Saint-Petersburg (DC8003) | AB7: LOT 2-8003 to Saint-Petersburg (DC8003) | AN7: Стоимость | AO7: Агент | AP7: Фрахт | AQ7: ИТС | AR7: Пошлина | AS7: НДС | AT7: услуги после границы РФ (маркировка, вывоз по РФ, таможенное оформление) | AU7: % ТИ | AV7: СС на РЦ с НДС | AW7: План ЗЦ с НДС | AX7: КВЛ
B8: SAP | C8: Наименование | D8: Цена | E8: Кол-во штук | F8: Стоимость | G8: Кратность короба | H8: Кол-во коробов | I8: Объем короба | J8: Общий объем | K8: Вес нетто короба | L8: Вес брутто короба | M8: Общий вес нетто | N8: Общий вес брутто | O8: Итого паллет ( при наличии) | P8: Порт отгрузки | Q8: ТН ВЭД | S8: Кол-во штук | T8: Стоимость | U8: Кол-во коробов | V8: Общий объем | W8: Общий вес нетто | X8: Общий вес брутто | Y8: Итого паллет ( при наличии) | Z8: ETD | AA8: Дата на РЦ | AB8: Кол-во штук | AC8: Стоимость | AD8: Кол-во коробов | AE8: Общий объем | AF8: Общий вес нетто | AG8: Общий вес брутто | AH8: Итого паллет ( при наличии) | AI8: ETD | AJ8: Дата на РЦ
B9: SAP code | C9: Product name | D9: Price | E9: Q-ty | F9: Amount | G9: Pcs per carton | H9: TTL cartons | I9: Carton CBM | J9: TTL CBM | K9: Carton net weight | L9: Carton gross weight | M9: TTL net weight | N9: TTL gross weight | O9: TTL pallets | P9: PORT OF LOADING | Q9: HS CODE
B10: ='TOTAL PREORDER'!D12 | C10: ='TOTAL PREORDER'!#REF! | D10: ='TOTAL PREORDER'!AV12 | E10: ='TOTAL PREORDER'!BE12 | F10: =E10*D10 | G10: ='TOTAL PREORDER'!BU12 | H10: =E10/G10 | I10: ='TOTAL PREORDER'!CA12 | J10: =I10*H10 | K10: ='TOTAL PREORDER'!#REF! | L10: ='TOTAL PREORDER'!#REF! | M10: =$H10*K10 | N10: =$H10*L10 | P10: ='TOTAL PREORDER'!CJ12 | Q10: ='TOTAL PREORDER'!H12
B11: ='TOTAL PREORDER'!D13 | C11: ='TOTAL PREORDER'!W13 | D11: ='TOTAL PREORDER'!AV13 | E11: ='TOTAL PREORDER'!BE13 | F11: =E11*D11 | G11: ='TOTAL PREORDER'!BU13 | H11: =E11/G11 | I11: ='TOTAL PREORDER'!CA13 | J11: =I11*H11 | K11: ='TOTAL PREORDER'!BY13 | L11: ='TOTAL PREORDER'!BZ13 | M11: =$H11*K11 | N11: =$H11*L11 | P11: ='TOTAL PREORDER'!CJ13 | Q11: ='TOTAL PREORDER'!H13
B12: ='TOTAL PREORDER'!D14 | C12: ='TOTAL PREORDER'!W14 | D12: ='TOTAL PREORDER'!AV14 | E12: ='TOTAL PREORDER'!BE14 | F12: =E12*D12 | G12: ='TOTAL PREORDER'!BU14 | H12: =E12/G12 | I12: ='TOTAL PREORDER'!CA14 | J12: =I12*H12 | K12: ='TOTAL PREORDER'!BY14 | L12: ='TOTAL PREORDER'!BZ14 | M12: =$H12*K12 | N12: =$H12*L12 | P12: ='TOTAL PREORDER'!CJ14 | Q12: ='TOTAL PREORDER'!H14
B13: ='TOTAL PREORDER'!D15 | C13: ='TOTAL PREORDER'!W15 | D13: ='TOTAL PREORDER'!AV15 | E13: ='TOTAL PREORDER'!BE15 | F13: =E13*D13 | G13: ='TOTAL PREORDER'!BU15 | H13: =E13/G13 | I13: ='TOTAL PREORDER'!CA15 | J13: =I13*H13 | K13: ='TOTAL PREORDER'!BY15 | L13: ='TOTAL PREORDER'!BZ15 | M13: =$H13*K13 | N13: =$H13*L13 | P13: ='TOTAL PREORDER'!CJ15 | Q13: ='TOTAL PREORDER'!H15
B14: ='TOTAL PREORDER'!D16 | C14: ='TOTAL PREORDER'!W16 | D14: ='TOTAL PREORDER'!AV16 | E14: ='TOTAL PREORDER'!BE16 | F14: =E14*D14 | G14: ='TOTAL PREORDER'!BU16 | H14: =E14/G14 | I14: ='TOTAL PREORDER'!CA16 | J14: =I14*H14 | K14: ='TOTAL PREORDER'!BY16 | L14: ='TOTAL PREORDER'!BZ16 | M14: =$H14*K14 | N14: =$H14*L14 | P14: ='TOTAL PREORDER'!CJ16 | Q14: ='TOTAL PREORDER'!H16
B15: ='TOTAL PREORDER'!D17 | C15: ='TOTAL PREORDER'!W17 | D15: ='TOTAL PREORDER'!AV17 | E15: ='TOTAL PREORDER'!BE17 | F15: =E15*D15 | G15: ='TOTAL PREORDER'!BU17 | H15: =E15/G15 | I15: ='TOTAL PREORDER'!CA17 | J15: =I15*H15 | K15: ='TOTAL PREORDER'!BY17 | L15: ='TOTAL PREORDER'!BZ17 | M15: =$H15*K15 | N15: =$H15*L15 | P15: ='TOTAL PREORDER'!CJ17 | Q15: ='TOTAL PREORDER'!H17
B16: ='TOTAL PREORDER'!D18 | C16: ='TOTAL PREORDER'!W12 | D16: ='TOTAL PREORDER'!AV18 | E16: ='TOTAL PREORDER'!BE18 | F16: =E16*D16 | G16: ='TOTAL PREORDER'!BU18 | H16: =E16/G16 | I16: ='TOTAL PREORDER'!CA18 | J16: =I16*H16 | K16: ='TOTAL PREORDER'!BY18 | L16: ='TOTAL PREORDER'!BZ18 | M16: =$H16*K16 | N16: =$H16*L16 | P16: ='TOTAL PREORDER'!CJ18 | Q16: ='TOTAL PREORDER'!H18
B17: ='TOTAL PREORDER'!D19 | C17: ='TOTAL PREORDER'!W19 | D17: ='TOTAL PREORDER'!AV19 | E17: ='TOTAL PREORDER'!BE19 | F17: =E17*D17 | G17: ='TOTAL PREORDER'!BU19 | H17: =E17/G17 | I17: ='TOTAL PREORDER'!CA19 | J17: =I17*H17 | K17: ='TOTAL PREORDER'!BY19 | L17: ='TOTAL PREORDER'!BZ19 | M17: =$H17*K17 | N17: =$H17*L17 | P17: ='TOTAL PREORDER'!CJ19 | Q17: ='TOTAL PREORDER'!H19
